<?xml version = '1.0' encoding = 'UTF-8'?>
<relationalModel class="oracle.dbtools.crest.model.design.relational.RelationalDesign" name="Relational_1" id="5833FA65-CB93-9B86-CDE9-DAB6745ED5A8" mainViewID="EBD32EE0-5D66-00CA-C8FC-D871E3988AAC">
<createdBy>javier</createdBy>
<createdTime>2024-10-01 00:34:54 UTC</createdTime>
<ownerDesignName>Exp3_S8_JavierNunez</ownerDesignName>
<shouldBeOpen>false</shouldBeOpen>
<selectedRDBMSSite>32076570-2523-435C-2E92-BF29817DFF70</selectedRDBMSSite>
</relationalModel>